shift_id,emp_id,start_time,end_time,coffee_rating,sandwich_rating,customer_service_rating,speed_rating,present
1000,1001,2025-09-01T07:00:00,2025-09-01T15:00:00,,,,,True
1000,1003,2025-09-01T07:00:00,2025-09-01T15:00:00,73,,52,51,True
1000,1006,2025-09-01T07:00:00,2025-09-01T15:00:00,80,,62,65,True
1000,1007,2025-09-01T05:00:00,2025-09-01T12:00:00,,77,,,True
1001,1002,2025-09-02T07:00:00,2025-09-02T15:00:00,,,,,True
1001,1004,2025-09-02T07:00:00,2025-09-02T15:00:00,53,,67,65,True
1001,1005,2025-09-02T07:00:00,2025-09-02T15:00:00,72,,65,61,True
1001,1008,2025-09-02T05:00:00,2025-09-02T12:00:00,,72,,,True
1002,1001,2025-09-03T07:00:00,2025-09-03T15:00:00,,,,,True
1002,1003,2025-09-03T07:00:00,2025-09-03T15:00:00,46,,59,82,True
1002,1006,2025-09-03T07:00:00,2025-09-03T15:00:00,71,,46,85,True
1002,1007,2025-09-03T05:00:00,2025-09-03T12:00:00,,76,,,True
1003,1002,2025-09-04T07:00:00,2025-09-04T15:00:00,,,,,True
1003,1004,2025-09-04T07:00:00,2025-09-04T15:00:00,71,,71,88,True
1003,1005,2025-09-04T07:00:00,2025-09-04T15:00:00,62,,64,70,True
1003,1008,2025-09-04T05:00:00,2025-09-04T12:00:00,,92,,,True
1004,1001,2025-09-05T07:00:00,2025-09-05T15:00:00,,,,,True
1004,1003,2025-09-05T07:00:00,2025-09-05T15:00:00,60,,66,67,True
1004,1006,2025-09-05T07:00:00,2025-09-05T15:00:00,42,,58,71,True
1004,1007,2025-09-05T05:00:00,2025-09-05T12:00:00,,73,,,True
1005,1001,2025-09-06T07:00:00,2025-09-06T15:00:00,,,,,True
1005,1002,2025-09-06T07:00:00,2025-09-06T15:00:00,,,,,True
1005,1003,2025-09-06T11:00:00,2025-09-06T15:00:00,38,,69,56,True
1005,1004,2025-09-06T07:00:00,2025-09-06T12:00:00,67,,75,76,True
1005,1005,2025-09-06T07:00:00,2025-09-06T12:00:00,47,,78,67,True
1005,1008,2025-09-06T05:00:00,2025-09-06T13:30:00,,99,,,True
1006,1001,2025-09-07T07:00:00,2025-09-07T15:00:00,,,,,True
1006,1002,2025-09-07T07:00:00,2025-09-07T15:00:00,,,,,True
1006,1003,2025-09-07T11:00:00,2025-09-07T15:00:00,57,,50,85,True
1006,1004,2025-09-07T07:00:00,2025-09-07T12:00:00,63,,75,72,True
1006,1005,2025-09-07T07:00:00,2025-09-07T12:00:00,49,,65,74,True
1006,1007,2025-09-07T05:00:00,2025-09-07T13:30:00,,94,,,True
1007,1001,2025-09-08T07:00:00,2025-09-08T15:00:00,,,,,True
1007,1003,2025-09-08T07:00:00,2025-09-08T15:00:00,51,,50,64,True
1007,1006,2025-09-08T07:00:00,2025-09-08T15:00:00,88,,51,74,True
1007,1007,2025-09-08T05:00:00,2025-09-08T12:00:00,,78,,,True
1008,1002,2025-09-09T07:00:00,2025-09-09T15:00:00,,,,,True
1008,1004,2025-09-09T07:00:00,2025-09-09T15:00:00,74,,75,70,True
1008,1005,2025-09-09T07:00:00,2025-09-09T15:00:00,68,,75,73,True
1008,1008,2025-09-09T05:00:00,2025-09-09T12:00:00,,91,,,True
1009,1001,2025-09-10T07:00:00,2025-09-10T15:00:00,,,,,True
1009,1003,2025-09-10T07:00:00,2025-09-10T15:00:00,50,,49,88,True
1009,1006,2025-09-10T07:00:00,2025-09-10T15:00:00,73,,55,84,True
1009,1007,2025-09-10T05:00:00,2025-09-10T12:00:00,,93,,,True
1010,1002,2025-09-11T07:00:00,2025-09-11T15:00:00,,,,,True
1010,1004,2025-09-11T07:00:00,2025-09-11T15:00:00,60,,69,89,True
1010,1005,2025-09-11T07:00:00,2025-09-11T15:00:00,69,,72,74,True
1010,1008,2025-09-11T05:00:00,2025-09-11T12:00:00,,91,,,True
1011,1001,2025-09-12T07:00:00,2025-09-12T15:00:00,,,,,True
1011,1003,2025-09-12T07:00:00,2025-09-12T15:00:00,53,,48,64,True
1011,1006,2025-09-12T07:00:00,2025-09-12T15:00:00,85,,47,70,True
1011,1007,2025-09-12T05:00:00,2025-09-12T12:00:00,,82,,,True
1012,1001,2025-09-13T07:00:00,2025-09-13T15:00:00,,,,,True
1012,1002,2025-09-13T07:00:00,2025-09-13T15:00:00,,,,,True
1012,1003,2025-09-13T11:00:00,2025-09-13T15:00:00,50,,49,63,True
1012,1004,2025-09-13T07:00:00,2025-09-13T12:00:00,65,,70,91,True
1012,1005,2025-09-13T07:00:00,2025-09-13T12:00:00,70,,78,69,True
1012,1008,2025-09-13T05:00:00,2025-09-13T13:30:00,,78,,,True
1013,1001,2025-09-14T07:00:00,2025-09-14T15:00:00,,,,,True
1013,1002,2025-09-14T07:00:00,2025-09-14T15:00:00,,,,,True
1013,1003,2025-09-14T11:00:00,2025-09-14T15:00:00,41,,60,85,True
1013,1004,2025-09-14T07:00:00,2025-09-14T12:00:00,61,,77,85,True
1013,1005,2025-09-14T07:00:00,2025-09-14T12:00:00,68,,71,68,True
1013,1007,2025-09-14T05:00:00,2025-09-14T13:30:00,,86,,,True
1014,1001,2025-09-15T07:00:00,2025-09-15T15:00:00,,,,,True
1014,1003,2025-09-15T07:00:00,2025-09-15T15:00:00,64,,50,53,True
1014,1006,2025-09-15T07:00:00,2025-09-15T15:00:00,88,,52,59,True
1014,1007,2025-09-15T05:00:00,2025-09-15T12:00:00,,90,,,True
1015,1002,2025-09-16T07:00:00,2025-09-16T15:00:00,,,,,True
1015,1004,2025-09-16T07:00:00,2025-09-16T15:00:00,55,,77,64,True
1015,1005,2025-09-16T07:00:00,2025-09-16T15:00:00,69,,76,89,True
1015,1008,2025-09-16T05:00:00,2025-09-16T12:00:00,,86,,,True
1016,1001,2025-09-17T07:00:00,2025-09-17T15:00:00,,,,,True
1016,1003,2025-09-17T07:00:00,2025-09-17T15:00:00,49,,45,57,True
1016,1006,2025-09-17T07:00:00,2025-09-17T15:00:00,76,,79,67,True
1016,1007,2025-09-17T05:00:00,2025-09-17T12:00:00,,94,,,True
1017,1002,2025-09-18T07:00:00,2025-09-18T15:00:00,,,,,True
1017,1004,2025-09-18T07:00:00,2025-09-18T15:00:00,66,,67,78,True
1017,1005,2025-09-18T07:00:00,2025-09-18T15:00:00,72,,69,89,True
1017,1008,2025-09-18T05:00:00,2025-09-18T12:00:00,,70,,,True
1018,1001,2025-09-19T07:00:00,2025-09-19T15:00:00,,,,,True
1018,1003,2025-09-19T07:00:00,2025-09-19T15:00:00,94,,61,82,True
1018,1006,2025-09-19T07:00:00,2025-09-19T15:00:00,81,,56,82,True
1018,1007,2025-09-19T05:00:00,2025-09-19T12:00:00,,99,,,True
1019,1001,2025-09-20T07:00:00,2025-09-20T15:00:00,,,,,True
1019,1002,2025-09-20T07:00:00,2025-09-20T15:00:00,,,,,True
1019,1003,2025-09-20T11:00:00,2025-09-20T15:00:00,39,,64,82,True
1019,1004,2025-09-20T07:00:00,2025-09-20T12:00:00,57,,68,83,True
1019,1005,2025-09-20T07:00:00,2025-09-20T12:00:00,55,,64,80,True
1019,1008,2025-09-20T05:00:00,2025-09-20T13:30:00,,85,,,True
1020,1001,2025-09-21T07:00:00,2025-09-21T15:00:00,,,,,True
1020,1002,2025-09-21T07:00:00,2025-09-21T15:00:00,,,,,True
1020,1003,2025-09-21T11:00:00,2025-09-21T15:00:00,34,,52,73,True
1020,1004,2025-09-21T07:00:00,2025-09-21T12:00:00,64,,71,63,True
1020,1005,2025-09-21T07:00:00,2025-09-21T12:00:00,60,,66,65,True
1020,1007,2025-09-21T05:00:00,2025-09-21T13:30:00,,93,,,True
1021,1001,2025-09-22T07:00:00,2025-09-22T15:00:00,,,,,True
1021,1003,2025-09-22T07:00:00,2025-09-22T15:00:00,64,,49,84,True
1021,1006,2025-09-22T07:00:00,2025-09-22T15:00:00,82,,53,58,True
1021,1007,2025-09-22T05:00:00,2025-09-22T12:00:00,,91,,,True
1022,1002,2025-09-23T07:00:00,2025-09-23T15:00:00,,,,,True
1022,1004,2025-09-23T07:00:00,2025-09-23T15:00:00,75,,69,76,True
1022,1005,2025-09-23T07:00:00,2025-09-23T15:00:00,78,,77,73,True
1022,1008,2025-09-23T05:00:00,2025-09-23T12:00:00,,99,,,True
1023,1001,2025-09-24T07:00:00,2025-09-24T15:00:00,,,,,True
1023,1003,2025-09-24T07:00:00,2025-09-24T15:00:00,67,,57,69,True
1023,1006,2025-09-24T07:00:00,2025-09-24T15:00:00,58,,68,78,True
1023,1007,2025-09-24T05:00:00,2025-09-24T12:00:00,,98,,,True
1024,1002,2025-09-25T07:00:00,2025-09-25T15:00:00,,,,,True
1024,1004,2025-09-25T07:00:00,2025-09-25T15:00:00,78,,78,67,True
1024,1005,2025-09-25T07:00:00,2025-09-25T15:00:00,60,,71,64,True
1024,1008,2025-09-25T05:00:00,2025-09-25T12:00:00,,80,,,True
1025,1001,2025-09-26T07:00:00,2025-09-26T15:00:00,,,,,True
1025,1003,2025-09-26T07:00:00,2025-09-26T15:00:00,34,,59,87,True
1025,1006,2025-09-26T07:00:00,2025-09-26T15:00:00,47,,45,54,True
1025,1007,2025-09-26T05:00:00,2025-09-26T12:00:00,,92,,,True
1026,1001,2025-09-27T07:00:00,2025-09-27T15:00:00,,,,,True
1026,1002,2025-09-27T07:00:00,2025-09-27T15:00:00,,,,,True
1026,1003,2025-09-27T11:00:00,2025-09-27T15:00:00,73,,48,64,True
1026,1004,2025-09-27T07:00:00,2025-09-27T12:00:00,49,,65,81,True
1026,1005,2025-09-27T07:00:00,2025-09-27T12:00:00,49,,71,77,True
1026,1008,2025-09-27T05:00:00,2025-09-27T13:30:00,,91,,,True
1027,1001,2025-09-28T07:00:00,2025-09-28T15:00:00,,,,,True
1027,1002,2025-09-28T07:00:00,2025-09-28T15:00:00,,,,,True
1027,1003,2025-09-28T11:00:00,2025-09-28T15:00:00,64,,58,84,True
1027,1004,2025-09-28T07:00:00,2025-09-28T12:00:00,53,,79,75,True
1027,1005,2025-09-28T07:00:00,2025-09-28T12:00:00,75,,77,72,True
1027,1007,2025-09-28T05:00:00,2025-09-28T13:30:00,,73,,,True
1028,1001,2025-09-29T07:00:00,2025-09-29T15:00:00,,,,,True
1028,1003,2025-09-29T07:00:00,2025-09-29T15:00:00,39,,72,72,True
1028,1006,2025-09-29T07:00:00,2025-09-29T15:00:00,60,,71,79,True
1028,1007,2025-09-29T05:00:00,2025-09-29T12:00:00,,97,,,True
1029,1002,2025-09-30T07:00:00,2025-09-30T15:00:00,,,,,True
1029,1004,2025-09-30T07:00:00,2025-09-30T15:00:00,48,,67,63,True
1029,1005,2025-09-30T07:00:00,2025-09-30T15:00:00,70,,74,66,True
1029,1008,2025-09-30T05:00:00,2025-09-30T12:00:00,,77,,,True
1030,1001,2025-10-01T07:00:00,2025-10-01T15:00:00,,,,,True
1030,1003,2025-10-01T07:00:00,2025-10-01T15:00:00,45,,57,84,True
1030,1006,2025-10-01T07:00:00,2025-10-01T15:00:00,61,,53,77,True
1030,1007,2025-10-01T05:00:00,2025-10-01T12:00:00,,75,,,True
1031,1002,2025-10-02T07:00:00,2025-10-02T15:00:00,,,,,True
1031,1004,2025-10-02T07:00:00,2025-10-02T15:00:00,62,,78,75,True
1031,1005,2025-10-02T07:00:00,2025-10-02T15:00:00,49,,78,66,True
1031,1008,2025-10-02T05:00:00,2025-10-02T12:00:00,,71,,,True
1032,1001,2025-10-03T07:00:00,2025-10-03T15:00:00,,,,,True
1032,1003,2025-10-03T07:00:00,2025-10-03T15:00:00,74,,79,50,True
1032,1006,2025-10-03T07:00:00,2025-10-03T15:00:00,95,,50,65,True
1032,1007,2025-10-03T05:00:00,2025-10-03T12:00:00,,75,,,True
1033,1001,2025-10-04T07:00:00,2025-10-04T15:00:00,,,,,True
1033,1002,2025-10-04T07:00:00,2025-10-04T15:00:00,,,,,True
1033,1003,2025-10-04T11:00:00,2025-10-04T15:00:00,59,,76,80,True
1033,1004,2025-10-04T07:00:00,2025-10-04T12:00:00,58,,76,63,True
1033,1005,2025-10-04T07:00:00,2025-10-04T12:00:00,55,,76,60,True
1033,1008,2025-10-04T05:00:00,2025-10-04T13:30:00,,82,,,True
1034,1001,2025-10-05T07:00:00,2025-10-05T15:00:00,,,,,True
1034,1002,2025-10-05T07:00:00,2025-10-05T15:00:00,,,,,True
1034,1003,2025-10-05T11:00:00,2025-10-05T15:00:00,49,,74,68,True
1034,1004,2025-10-05T07:00:00,2025-10-05T12:00:00,72,,79,69,True
1034,1005,2025-10-05T07:00:00,2025-10-05T12:00:00,57,,73,73,True
1034,1007,2025-10-05T05:00:00,2025-10-05T13:30:00,,71,,,True
1035,1001,2025-10-06T07:00:00,2025-10-06T15:00:00,,,,,True
1035,1003,2025-10-06T07:00:00,2025-10-06T15:00:00,70,,79,53,True
1035,1006,2025-10-06T07:00:00,2025-10-06T15:00:00,80,,65,53,True
1035,1007,2025-10-06T05:00:00,2025-10-06T12:00:00,,71,,,True
1036,1002,2025-10-07T07:00:00,2025-10-07T15:00:00,,,,,True
1036,1004,2025-10-07T07:00:00,2025-10-07T15:00:00,75,,69,63,True
1036,1005,2025-10-07T07:00:00,2025-10-07T15:00:00,77,,66,71,True
1036,1008,2025-10-07T05:00:00,2025-10-07T12:00:00,,72,,,True
1037,1001,2025-10-08T07:00:00,2025-10-08T15:00:00,,,,,True
1037,1003,2025-10-08T07:00:00,2025-10-08T15:00:00,71,,49,65,True
1037,1006,2025-10-08T07:00:00,2025-10-08T15:00:00,58,,52,86,True
1037,1007,2025-10-08T05:00:00,2025-10-08T12:00:00,,77,,,True
1038,1002,2025-10-09T07:00:00,2025-10-09T15:00:00,,,,,True
1038,1004,2025-10-09T07:00:00,2025-10-09T15:00:00,47,,66,86,True
1038,1005,2025-10-09T07:00:00,2025-10-09T15:00:00,78,,74,76,True
1038,1008,2025-10-09T05:00:00,2025-10-09T12:00:00,,76,,,True
1039,1001,2025-10-10T07:00:00,2025-10-10T15:00:00,,,,,True
1039,1003,2025-10-10T07:00:00,2025-10-10T15:00:00,75,,65,65,True
1039,1006,2025-10-10T07:00:00,2025-10-10T15:00:00,49,,70,58,True
1039,1007,2025-10-10T05:00:00,2025-10-10T12:00:00,,91,,,True
1040,1001,2025-10-11T07:00:00,2025-10-11T15:00:00,,,,,True
1040,1002,2025-10-11T07:00:00,2025-10-11T15:00:00,,,,,True
1040,1003,2025-10-11T11:00:00,2025-10-11T15:00:00,74,,64,79,True
1040,1004,2025-10-11T07:00:00,2025-10-11T12:00:00,65,,66,60,True
1040,1005,2025-10-11T07:00:00,2025-10-11T12:00:00,74,,67,64,True
1040,1008,2025-10-11T05:00:00,2025-10-11T13:30:00,,87,,,True
1041,1001,2025-10-12T07:00:00,2025-10-12T15:00:00,,,,,True
1041,1002,2025-10-12T07:00:00,2025-10-12T15:00:00,,,,,True
1041,1003,2025-10-12T11:00:00,2025-10-12T15:00:00,46,,77,66,True
1041,1004,2025-10-12T07:00:00,2025-10-12T12:00:00,53,,75,64,True
1041,1005,2025-10-12T07:00:00,2025-10-12T12:00:00,60,,75,78,True
1041,1007,2025-10-12T05:00:00,2025-10-12T13:30:00,,75,,,True
1042,1001,2025-10-13T07:00:00,2025-10-13T15:00:00,,,,,True
1042,1003,2025-10-13T07:00:00,2025-10-13T15:00:00,61,,79,69,True
1042,1006,2025-10-13T07:00:00,2025-10-13T15:00:00,72,,78,50,True
1042,1007,2025-10-13T05:00:00,2025-10-13T12:00:00,,91,,,True
1043,1002,2025-10-14T07:00:00,2025-10-14T15:00:00,,,,,True
1043,1004,2025-10-14T07:00:00,2025-10-14T15:00:00,64,,67,68,True
1043,1005,2025-10-14T07:00:00,2025-10-14T15:00:00,61,,67,66,True
1043,1008,2025-10-14T05:00:00,2025-10-14T12:00:00,,93,,,True
1044,1001,2025-10-15T07:00:00,2025-10-15T15:00:00,,,,,True
1044,1003,2025-10-15T07:00:00,2025-10-15T15:00:00,68,,54,67,True
1044,1006,2025-10-15T07:00:00,2025-10-15T15:00:00,51,,58,71,True
1044,1007,2025-10-15T05:00:00,2025-10-15T12:00:00,,76,,,True
1045,1002,2025-10-16T07:00:00,2025-10-16T15:00:00,,,,,True
1045,1004,2025-10-16T07:00:00,2025-10-16T15:00:00,61,,79,76,True
1045,1005,2025-10-16T07:00:00,2025-10-16T15:00:00,48,,66,87,True
1045,1008,2025-10-16T05:00:00,2025-10-16T12:00:00,,96,,,True
1046,1001,2025-10-17T07:00:00,2025-10-17T15:00:00,,,,,True
1046,1003,2025-10-17T07:00:00,2025-10-17T15:00:00,50,,47,50,True
1046,1006,2025-10-17T07:00:00,2025-10-17T15:00:00,54,,53,66,True
1046,1007,2025-10-17T05:00:00,2025-10-17T12:00:00,,75,,,True
1047,1001,2025-10-18T07:00:00,2025-10-18T15:00:00,,,,,True
1047,1002,2025-10-18T07:00:00,2025-10-18T15:00:00,,,,,True
1047,1003,2025-10-18T11:00:00,2025-10-18T15:00:00,80,,73,85,True
1047,1004,2025-10-18T07:00:00,2025-10-18T12:00:00,72,,64,67,True
1047,1005,2025-10-18T07:00:00,2025-10-18T12:00:00,49,,68,62,True
1047,1008,2025-10-18T05:00:00,2025-10-18T13:30:00,,96,,,True
1048,1001,2025-10-19T07:00:00,2025-10-19T15:00:00,,,,,True
1048,1002,2025-10-19T07:00:00,2025-10-19T15:00:00,,,,,True
1048,1003,2025-10-19T11:00:00,2025-10-19T15:00:00,56,,54,77,True
1048,1004,2025-10-19T07:00:00,2025-10-19T12:00:00,53,,65,79,True
1048,1005,2025-10-19T07:00:00,2025-10-19T12:00:00,68,,65,82,True
1048,1007,2025-10-19T05:00:00,2025-10-19T13:30:00,,76,,,True
1049,1001,2025-10-20T07:00:00,2025-10-20T15:00:00,,,,,True
1049,1003,2025-10-20T07:00:00,2025-10-20T15:00:00,76,,60,56,True
1049,1006,2025-10-20T07:00:00,2025-10-20T15:00:00,55,,71,59,True
1049,1007,2025-10-20T05:00:00,2025-10-20T12:00:00,,99,,,True
1050,1002,2025-10-21T07:00:00,2025-10-21T15:00:00,,,,,True
1050,1004,2025-10-21T07:00:00,2025-10-21T15:00:00,60,,69,71,True
1050,1005,2025-10-21T07:00:00,2025-10-21T15:00:00,71,,64,71,True
1050,1008,2025-10-21T05:00:00,2025-10-21T12:00:00,,93,,,True
1051,1001,2025-10-22T07:00:00,2025-10-22T15:00:00,,,,,True
1051,1003,2025-10-22T07:00:00,2025-10-22T15:00:00,92,,66,76,True
1051,1006,2025-10-22T07:00:00,2025-10-22T15:00:00,84,,60,67,True
1051,1007,2025-10-22T05:00:00,2025-10-22T12:00:00,,75,,,True
1052,1002,2025-10-23T07:00:00,2025-10-23T15:00:00,,,,,True
1052,1004,2025-10-23T07:00:00,2025-10-23T15:00:00,51,,76,62,True
1052,1005,2025-10-23T07:00:00,2025-10-23T15:00:00,75,,71,72,True
1052,1008,2025-10-23T05:00:00,2025-10-23T12:00:00,,96,,,True
1053,1001,2025-10-24T07:00:00,2025-10-24T15:00:00,,,,,True
1053,1003,2025-10-24T07:00:00,2025-10-24T15:00:00,91,,74,72,True
1053,1006,2025-10-24T07:00:00,2025-10-24T15:00:00,52,,59,64,True
1053,1007,2025-10-24T05:00:00,2025-10-24T12:00:00,,70,,,True
1054,1001,2025-10-25T07:00:00,2025-10-25T15:00:00,,,,,True
1054,1002,2025-10-25T07:00:00,2025-10-25T15:00:00,,,,,True
1054,1003,2025-10-25T11:00:00,2025-10-25T15:00:00,75,,57,75,True
1054,1004,2025-10-25T07:00:00,2025-10-25T12:00:00,66,,72,64,True
1054,1005,2025-10-25T07:00:00,2025-10-25T12:00:00,62,,75,85,True
1054,1008,2025-10-25T05:00:00,2025-10-25T13:30:00,,91,,,True
1055,1001,2025-10-26T07:00:00,2025-10-26T15:00:00,,,,,True
1055,1002,2025-10-26T07:00:00,2025-10-26T15:00:00,,,,,True
1055,1003,2025-10-26T11:00:00,2025-10-26T15:00:00,95,,79,71,True
1055,1004,2025-10-26T07:00:00,2025-10-26T12:00:00,46,,67,76,True
1055,1005,2025-10-26T07:00:00,2025-10-26T12:00:00,56,,72,62,True
1055,1007,2025-10-26T05:00:00,2025-10-26T13:30:00,,73,,,True
1056,1001,2025-10-27T07:00:00,2025-10-27T15:00:00,,,,,True
1056,1003,2025-10-27T07:00:00,2025-10-27T15:00:00,71,,72,72,True
1056,1006,2025-10-27T07:00:00,2025-10-27T15:00:00,79,,65,77,True
1056,1007,2025-10-27T05:00:00,2025-10-27T12:00:00,,89,,,True
1057,1002,2025-10-28T07:00:00,2025-10-28T15:00:00,,,,,True
1057,1004,2025-10-28T07:00:00,2025-10-28T15:00:00,77,,67,84,True
1057,1005,2025-10-28T07:00:00,2025-10-28T15:00:00,57,,72,62,True
1057,1008,2025-10-28T05:00:00,2025-10-28T12:00:00,,92,,,True
1058,1001,2025-10-29T07:00:00,2025-10-29T15:00:00,,,,,True
1058,1003,2025-10-29T07:00:00,2025-10-29T15:00:00,60,,45,83,True
1058,1006,2025-10-29T07:00:00,2025-10-29T15:00:00,92,,79,62,True
1058,1007,2025-10-29T05:00:00,2025-10-29T12:00:00,,81,,,True
1059,1002,2025-10-30T07:00:00,2025-10-30T15:00:00,,,,,True
1059,1004,2025-10-30T07:00:00,2025-10-30T15:00:00,72,,66,81,True
1059,1005,2025-10-30T07:00:00,2025-10-30T15:00:00,65,,67,79,True
1059,1008,2025-10-30T05:00:00,2025-10-30T12:00:00,,86,,,True
1060,1001,2025-10-31T07:00:00,2025-10-31T15:00:00,,,,,True
1060,1003,2025-10-31T07:00:00,2025-10-31T15:00:00,52,,71,70,True
1060,1006,2025-10-31T07:00:00,2025-10-31T15:00:00,58,,63,85,True
1060,1007,2025-10-31T05:00:00,2025-10-31T12:00:00,,74,,,True
1061,1001,2025-11-01T07:00:00,2025-11-01T15:00:00,,,,,True
1061,1002,2025-11-01T07:00:00,2025-11-01T15:00:00,,,,,True
1061,1003,2025-11-01T11:00:00,2025-11-01T15:00:00,45,,71,74,True
1061,1004,2025-11-01T07:00:00,2025-11-01T12:00:00,56,,73,85,True
1061,1005,2025-11-01T07:00:00,2025-11-01T12:00:00,45,,73,78,True
1061,1008,2025-11-01T05:00:00,2025-11-01T13:30:00,,76,,,True
1062,1001,2025-11-02T07:00:00,2025-11-02T15:00:00,,,,,True
1062,1002,2025-11-02T07:00:00,2025-11-02T15:00:00,,,,,True
1062,1003,2025-11-02T11:00:00,2025-11-02T15:00:00,60,,65,79,True
1062,1004,2025-11-02T07:00:00,2025-11-02T12:00:00,73,,78,73,True
1062,1005,2025-11-02T07:00:00,2025-11-02T12:00:00,77,,79,70,True
1062,1007,2025-11-02T05:00:00,2025-11-02T13:30:00,,91,,,True
1063,1001,2025-11-03T07:00:00,2025-11-03T15:00:00,,,,,True
1063,1003,2025-11-03T07:00:00,2025-11-03T15:00:00,38,,63,82,True
1063,1006,2025-11-03T07:00:00,2025-11-03T15:00:00,75,,66,55,True
1063,1007,2025-11-03T05:00:00,2025-11-03T12:00:00,,96,,,True
1064,1002,2025-11-04T07:00:00,2025-11-04T15:00:00,,,,,True
1064,1004,2025-11-04T07:00:00,2025-11-04T15:00:00,60,,73,74,True
1064,1005,2025-11-04T07:00:00,2025-11-04T15:00:00,57,,68,61,True
1064,1008,2025-11-04T05:00:00,2025-11-04T12:00:00,,71,,,True
1065,1001,2025-11-05T07:00:00,2025-11-05T15:00:00,,,,,True
1065,1003,2025-11-05T07:00:00,2025-11-05T15:00:00,48,,75,54,True
1065,1006,2025-11-05T07:00:00,2025-11-05T15:00:00,62,,71,86,True
1065,1007,2025-11-05T05:00:00,2025-11-05T12:00:00,,76,,,True
1066,1002,2025-11-06T07:00:00,2025-11-06T15:00:00,,,,,True
1066,1004,2025-11-06T07:00:00,2025-11-06T15:00:00,69,,79,85,True
1066,1005,2025-11-06T07:00:00,2025-11-06T15:00:00,60,,68,60,True
1066,1008,2025-11-06T05:00:00,2025-11-06T12:00:00,,98,,,True
1067,1001,2025-11-07T07:00:00,2025-11-07T15:00:00,,,,,True
1067,1003,2025-11-07T07:00:00,2025-11-07T15:00:00,81,,51,77,True
1067,1006,2025-11-07T07:00:00,2025-11-07T15:00:00,47,,56,83,True
1067,1007,2025-11-07T05:00:00,2025-11-07T12:00:00,,84,,,True
1068,1001,2025-11-08T07:00:00,2025-11-08T15:00:00,,,,,True
1068,1002,2025-11-08T07:00:00,2025-11-08T15:00:00,,,,,True
1068,1003,2025-11-08T11:00:00,2025-11-08T15:00:00,36,,60,57,True
1068,1004,2025-11-08T07:00:00,2025-11-08T12:00:00,74,,68,89,True
1068,1005,2025-11-08T07:00:00,2025-11-08T12:00:00,78,,74,88,True
1068,1008,2025-11-08T05:00:00,2025-11-08T13:30:00,,89,,,True
1069,1001,2025-11-09T07:00:00,2025-11-09T15:00:00,,,,,True
1069,1002,2025-11-09T07:00:00,2025-11-09T15:00:00,,,,,True
1069,1003,2025-11-09T11:00:00,2025-11-09T15:00:00,85,,77,77,True
1069,1004,2025-11-09T07:00:00,2025-11-09T12:00:00,73,,69,90,True
1069,1005,2025-11-09T07:00:00,2025-11-09T12:00:00,73,,72,75,True
1069,1007,2025-11-09T05:00:00,2025-11-09T13:30:00,,96,,,True
1070,1001,2025-11-10T07:00:00,2025-11-10T15:00:00,,,,,True
1070,1003,2025-11-10T07:00:00,2025-11-10T15:00:00,73,,62,83,True
1070,1006,2025-11-10T07:00:00,2025-11-10T15:00:00,64,,60,67,True
1070,1007,2025-11-10T05:00:00,2025-11-10T12:00:00,,84,,,True
1071,1002,2025-11-11T07:00:00,2025-11-11T15:00:00,,,,,True
1071,1004,2025-11-11T07:00:00,2025-11-11T15:00:00,49,,73,75,True
1071,1005,2025-11-11T07:00:00,2025-11-11T15:00:00,62,,74,80,True
1071,1008,2025-11-11T05:00:00,2025-11-11T12:00:00,,98,,,True
1072,1001,2025-11-12T07:00:00,2025-11-12T15:00:00,,,,,True
1072,1003,2025-11-12T07:00:00,2025-11-12T15:00:00,67,,50,58,True
1072,1006,2025-11-12T07:00:00,2025-11-12T15:00:00,42,,59,74,True
1072,1007,2025-11-12T05:00:00,2025-11-12T12:00:00,,92,,,True
1073,1002,2025-11-13T07:00:00,2025-11-13T15:00:00,,,,,True
1073,1004,2025-11-13T07:00:00,2025-11-13T15:00:00,54,,70,64,True
1073,1005,2025-11-13T07:00:00,2025-11-13T15:00:00,71,,77,81,True
1073,1008,2025-11-13T05:00:00,2025-11-13T12:00:00,,87,,,True
1074,1001,2025-11-14T07:00:00,2025-11-14T15:00:00,,,,,True
1074,1003,2025-11-14T07:00:00,2025-11-14T15:00:00,62,,71,53,True
1074,1006,2025-11-14T07:00:00,2025-11-14T15:00:00,46,,71,74,True
1074,1007,2025-11-14T05:00:00,2025-11-14T12:00:00,,98,,,True
1075,1001,2025-11-15T07:00:00,2025-11-15T15:00:00,,,,,True
1075,1002,2025-11-15T07:00:00,2025-11-15T15:00:00,,,,,True
1075,1003,2025-11-15T11:00:00,2025-11-15T15:00:00,82,,46,86,True
1075,1004,2025-11-15T07:00:00,2025-11-15T12:00:00,69,,79,60,True
1075,1005,2025-11-15T07:00:00,2025-11-15T12:00:00,67,,73,84,True
1075,1008,2025-11-15T05:00:00,2025-11-15T13:30:00,,97,,,True
1076,1001,2025-11-16T07:00:00,2025-11-16T15:00:00,,,,,True
1076,1002,2025-11-16T07:00:00,2025-11-16T15:00:00,,,,,True
1076,1003,2025-11-16T11:00:00,2025-11-16T15:00:00,90,,71,84,True
1076,1004,2025-11-16T07:00:00,2025-11-16T12:00:00,59,,79,74,True
1076,1005,2025-11-16T07:00:00,2025-11-16T12:00:00,62,,77,91,True
1076,1007,2025-11-16T05:00:00,2025-11-16T13:30:00,,70,,,True
1077,1001,2025-11-17T07:00:00,2025-11-17T15:00:00,,,,,True
1077,1003,2025-11-17T07:00:00,2025-11-17T15:00:00,57,,66,75,True
1077,1006,2025-11-17T07:00:00,2025-11-17T15:00:00,79,,55,79,True
1077,1007,2025-11-17T05:00:00,2025-11-17T12:00:00,,99,,,True
1078,1002,2025-11-18T07:00:00,2025-11-18T15:00:00,,,,,True
1078,1004,2025-11-18T07:00:00,2025-11-18T15:00:00,53,,64,85,True
1078,1005,2025-11-18T07:00:00,2025-11-18T15:00:00,46,,66,87,True
1078,1008,2025-11-18T05:00:00,2025-11-18T12:00:00,,74,,,True
1079,1001,2025-11-19T07:00:00,2025-11-19T15:00:00,,,,,True
1079,1003,2025-11-19T07:00:00,2025-11-19T15:00:00,88,,74,61,True
1079,1006,2025-11-19T07:00:00,2025-11-19T15:00:00,36,,61,74,True
1079,1007,2025-11-19T05:00:00,2025-11-19T12:00:00,,80,,,True
1080,1002,2025-11-20T07:00:00,2025-11-20T15:00:00,,,,,True
1080,1004,2025-11-20T07:00:00,2025-11-20T15:00:00,58,,78,80,True
1080,1005,2025-11-20T07:00:00,2025-11-20T15:00:00,66,,76,77,True
1080,1008,2025-11-20T05:00:00,2025-11-20T12:00:00,,94,,,True
1081,1001,2025-11-21T07:00:00,2025-11-21T15:00:00,,,,,True
1081,1003,2025-11-21T07:00:00,2025-11-21T15:00:00,93,,71,66,True
1081,1006,2025-11-21T07:00:00,2025-11-21T15:00:00,86,,50,80,True
1081,1007,2025-11-21T05:00:00,2025-11-21T12:00:00,,70,,,True
1082,1001,2025-11-22T07:00:00,2025-11-22T15:00:00,,,,,True
1082,1002,2025-11-22T07:00:00,2025-11-22T15:00:00,,,,,True
1082,1003,2025-11-22T11:00:00,2025-11-22T15:00:00,80,,79,53,True
1082,1004,2025-11-22T07:00:00,2025-11-22T12:00:00,67,,71,64,True
1082,1005,2025-11-22T07:00:00,2025-11-22T12:00:00,47,,64,75,True
1082,1008,2025-11-22T05:00:00,2025-11-22T13:30:00,,76,,,True
1083,1001,2025-11-23T07:00:00,2025-11-23T15:00:00,,,,,True
1083,1002,2025-11-23T07:00:00,2025-11-23T15:00:00,,,,,True
1083,1003,2025-11-23T11:00:00,2025-11-23T15:00:00,86,,46,59,True
1083,1004,2025-11-23T07:00:00,2025-11-23T12:00:00,60,,68,90,True
1083,1005,2025-11-23T07:00:00,2025-11-23T12:00:00,52,,70,89,True
1083,1007,2025-11-23T05:00:00,2025-11-23T13:30:00,,92,,,True
1084,1001,2025-11-24T07:00:00,2025-11-24T15:00:00,,,,,True
1084,1003,2025-11-24T07:00:00,2025-11-24T15:00:00,49,,68,60,True
1084,1006,2025-11-24T07:00:00,2025-11-24T15:00:00,71,,52,60,True
1084,1007,2025-11-24T05:00:00,2025-11-24T12:00:00,,79,,,True
1085,1002,2025-11-25T07:00:00,2025-11-25T15:00:00,,,,,True
1085,1004,2025-11-25T07:00:00,2025-11-25T15:00:00,51,,64,79,True
1085,1005,2025-11-25T07:00:00,2025-11-25T15:00:00,69,,76,72,True
1085,1008,2025-11-25T05:00:00,2025-11-25T12:00:00,,72,,,True
1086,1001,2025-11-26T07:00:00,2025-11-26T15:00:00,,,,,True
1086,1003,2025-11-26T07:00:00,2025-11-26T15:00:00,70,,60,56,True
1086,1006,2025-11-26T07:00:00,2025-11-26T15:00:00,77,,64,88,True
1086,1007,2025-11-26T05:00:00,2025-11-26T12:00:00,,95,,,True
1087,1002,2025-11-27T07:00:00,2025-11-27T15:00:00,,,,,True
1087,1004,2025-11-27T07:00:00,2025-11-27T15:00:00,52,,65,82,True
1087,1005,2025-11-27T07:00:00,2025-11-27T15:00:00,72,,75,64,True
1087,1008,2025-11-27T05:00:00,2025-11-27T12:00:00,,86,,,True
1088,1001,2025-11-28T07:00:00,2025-11-28T15:00:00,,,,,True
1088,1003,2025-11-28T07:00:00,2025-11-28T15:00:00,74,,66,50,True
1088,1006,2025-11-28T07:00:00,2025-11-28T15:00:00,87,,71,81,True
1088,1007,2025-11-28T05:00:00,2025-11-28T12:00:00,,73,,,True
1089,1001,2025-11-29T07:00:00,2025-11-29T15:00:00,,,,,True
1089,1002,2025-11-29T07:00:00,2025-11-29T15:00:00,,,,,True
1089,1003,2025-11-29T11:00:00,2025-11-29T15:00:00,60,,68,79,True
1089,1004,2025-11-29T07:00:00,2025-11-29T12:00:00,54,,77,71,True
1089,1005,2025-11-29T07:00:00,2025-11-29T12:00:00,78,,72,90,True
1089,1008,2025-11-29T05:00:00,2025-11-29T13:30:00,,84,,,True
1090,1001,2025-11-30T07:00:00,2025-11-30T15:00:00,,,,,True
1090,1002,2025-11-30T07:00:00,2025-11-30T15:00:00,,,,,True
1090,1003,2025-11-30T11:00:00,2025-11-30T15:00:00,60,,62,70,True
1090,1004,2025-11-30T07:00:00,2025-11-30T12:00:00,60,,66,77,True
1090,1005,2025-11-30T07:00:00,2025-11-30T12:00:00,73,,71,89,True
1090,1007,2025-11-30T05:00:00,2025-11-30T13:30:00,,88,,,True
1091,1001,2025-12-01T07:00:00,2025-12-01T15:00:00,,,,,True
1091,1003,2025-12-01T07:00:00,2025-12-01T15:00:00,72,,69,71,True
1091,1006,2025-12-01T07:00:00,2025-12-01T15:00:00,34,,76,70,True
1091,1007,2025-12-01T05:00:00,2025-12-01T12:00:00,,75,,,True
1092,1002,2025-12-02T07:00:00,2025-12-02T15:00:00,,,,,True
1092,1004,2025-12-02T07:00:00,2025-12-02T15:00:00,76,,70,82,True
1092,1005,2025-12-02T07:00:00,2025-12-02T15:00:00,61,,74,77,True
1092,1008,2025-12-02T05:00:00,2025-12-02T12:00:00,,98,,,True
1093,1001,2025-12-03T07:00:00,2025-12-03T15:00:00,,,,,True
1093,1003,2025-12-03T07:00:00,2025-12-03T15:00:00,71,,62,85,True
1093,1006,2025-12-03T07:00:00,2025-12-03T15:00:00,33,,78,62,True
1093,1007,2025-12-03T05:00:00,2025-12-03T12:00:00,,72,,,True
1094,1002,2025-12-04T07:00:00,2025-12-04T15:00:00,,,,,True
1094,1004,2025-12-04T07:00:00,2025-12-04T15:00:00,60,,77,91,True
1094,1005,2025-12-04T07:00:00,2025-12-04T15:00:00,60,,79,91,True
1094,1008,2025-12-04T05:00:00,2025-12-04T12:00:00,,84,,,True
1095,1001,2025-12-05T07:00:00,2025-12-05T15:00:00,,,,,True
1095,1003,2025-12-05T07:00:00,2025-12-05T15:00:00,83,,46,55,True
1095,1006,2025-12-05T07:00:00,2025-12-05T15:00:00,51,,59,75,True
1095,1007,2025-12-05T05:00:00,2025-12-05T12:00:00,,92,,,True
1096,1001,2025-12-06T07:00:00,2025-12-06T15:00:00,,,,,True
1096,1002,2025-12-06T07:00:00,2025-12-06T15:00:00,,,,,True
1096,1003,2025-12-06T11:00:00,2025-12-06T15:00:00,48,,64,87,True
1096,1004,2025-12-06T07:00:00,2025-12-06T12:00:00,68,,79,82,True
1096,1005,2025-12-06T07:00:00,2025-12-06T12:00:00,72,,74,82,True
1096,1008,2025-12-06T05:00:00,2025-12-06T13:30:00,,92,,,True
1097,1001,2025-12-07T07:00:00,2025-12-07T15:00:00,,,,,True
1097,1002,2025-12-07T07:00:00,2025-12-07T15:00:00,,,,,True
1097,1003,2025-12-07T11:00:00,2025-12-07T15:00:00,62,,62,69,True
1097,1004,2025-12-07T07:00:00,2025-12-07T12:00:00,61,,71,67,True
1097,1005,2025-12-07T07:00:00,2025-12-07T12:00:00,57,,74,67,True
1097,1007,2025-12-07T05:00:00,2025-12-07T13:30:00,,93,,,True
1098,1001,2025-12-08T07:00:00,2025-12-08T15:00:00,,,,,True
1098,1003,2025-12-08T07:00:00,2025-12-08T15:00:00,67,,56,62,True
1098,1006,2025-12-08T07:00:00,2025-12-08T15:00:00,46,,75,67,True
1098,1007,2025-12-08T05:00:00,2025-12-08T12:00:00,,93,,,True
1099,1002,2025-12-09T07:00:00,2025-12-09T15:00:00,,,,,True
1099,1004,2025-12-09T07:00:00,2025-12-09T15:00:00,78,,73,66,True
1099,1005,2025-12-09T07:00:00,2025-12-09T15:00:00,57,,73,74,True
1099,1008,2025-12-09T05:00:00,2025-12-09T12:00:00,,81,,,True
1100,1001,2025-12-10T07:00:00,2025-12-10T15:00:00,,,,,True
1100,1003,2025-12-10T07:00:00,2025-12-10T15:00:00,44,,64,50,True
1100,1006,2025-12-10T07:00:00,2025-12-10T15:00:00,78,,79,58,True
1100,1007,2025-12-10T05:00:00,2025-12-10T12:00:00,,78,,,True
1101,1002,2025-12-11T07:00:00,2025-12-11T15:00:00,,,,,True
1101,1004,2025-12-11T07:00:00,2025-12-11T15:00:00,47,,65,78,True
1101,1005,2025-12-11T07:00:00,2025-12-11T15:00:00,53,,79,66,True
1101,1008,2025-12-11T05:00:00,2025-12-11T12:00:00,,97,,,True
1102,1001,2025-12-12T07:00:00,2025-12-12T15:00:00,,,,,True
1102,1003,2025-12-12T07:00:00,2025-12-12T15:00:00,33,,63,80,True
1102,1006,2025-12-12T07:00:00,2025-12-12T15:00:00,63,,73,71,True
1102,1007,2025-12-12T05:00:00,2025-12-12T12:00:00,,75,,,True
1103,1001,2025-12-13T07:00:00,2025-12-13T15:00:00,,,,,True
1103,1002,2025-12-13T07:00:00,2025-12-13T15:00:00,,,,,True
1103,1003,2025-12-13T11:00:00,2025-12-13T15:00:00,94,,48,66,True
1103,1004,2025-12-13T07:00:00,2025-12-13T12:00:00,75,,67,64,True
1103,1005,2025-12-13T07:00:00,2025-12-13T12:00:00,70,,79,64,True
1103,1008,2025-12-13T05:00:00,2025-12-13T13:30:00,,88,,,True
1104,1001,2025-12-14T07:00:00,2025-12-14T15:00:00,,,,,True
1104,1002,2025-12-14T07:00:00,2025-12-14T15:00:00,,,,,True
1104,1003,2025-12-14T11:00:00,2025-12-14T15:00:00,73,,48,59,True
1104,1004,2025-12-14T07:00:00,2025-12-14T12:00:00,54,,73,65,True
1104,1005,2025-12-14T07:00:00,2025-12-14T12:00:00,60,,67,86,True
1104,1007,2025-12-14T05:00:00,2025-12-14T13:30:00,,89,,,True
1105,1001,2025-12-15T07:00:00,2025-12-15T15:00:00,,,,,True
1105,1003,2025-12-15T07:00:00,2025-12-15T15:00:00,71,,59,83,True
1105,1006,2025-12-15T07:00:00,2025-12-15T15:00:00,57,,73,78,True
1105,1007,2025-12-15T05:00:00,2025-12-15T12:00:00,,79,,,True
1106,1002,2025-12-16T07:00:00,2025-12-16T15:00:00,,,,,True
1106,1004,2025-12-16T07:00:00,2025-12-16T15:00:00,72,,73,63,True
1106,1005,2025-12-16T07:00:00,2025-12-16T15:00:00,51,,70,73,True
1106,1008,2025-12-16T05:00:00,2025-12-16T12:00:00,,78,,,True
1107,1001,2025-12-17T07:00:00,2025-12-17T15:00:00,,,,,True
1107,1003,2025-12-17T07:00:00,2025-12-17T15:00:00,75,,50,60,True
1107,1006,2025-12-17T07:00:00,2025-12-17T15:00:00,48,,56,85,True
1107,1007,2025-12-17T05:00:00,2025-12-17T12:00:00,,72,,,True
1108,1002,2025-12-18T07:00:00,2025-12-18T15:00:00,,,,,True
1108,1004,2025-12-18T07:00:00,2025-12-18T15:00:00,55,,64,86,True
1108,1005,2025-12-18T07:00:00,2025-12-18T15:00:00,73,,79,78,True
1108,1008,2025-12-18T05:00:00,2025-12-18T12:00:00,,71,,,True
1109,1001,2025-12-19T07:00:00,2025-12-19T15:00:00,,,,,True
1109,1003,2025-12-19T07:00:00,2025-12-19T15:00:00,47,,63,68,True
1109,1006,2025-12-19T07:00:00,2025-12-19T15:00:00,77,,74,54,True
1109,1007,2025-12-19T05:00:00,2025-12-19T12:00:00,,91,,,True
1110,1001,2025-12-20T07:00:00,2025-12-20T15:00:00,,,,,True
1110,1002,2025-12-20T07:00:00,2025-12-20T15:00:00,,,,,True
1110,1003,2025-12-20T11:00:00,2025-12-20T15:00:00,47,,61,87,True
1110,1004,2025-12-20T07:00:00,2025-12-20T12:00:00,57,,77,67,True
1110,1005,2025-12-20T07:00:00,2025-12-20T12:00:00,59,,68,77,True
1110,1008,2025-12-20T05:00:00,2025-12-20T13:30:00,,96,,,True
1111,1001,2025-12-21T07:00:00,2025-12-21T15:00:00,,,,,True
1111,1002,2025-12-21T07:00:00,2025-12-21T15:00:00,,,,,True
1111,1003,2025-12-21T11:00:00,2025-12-21T15:00:00,42,,49,53,True
1111,1004,2025-12-21T07:00:00,2025-12-21T12:00:00,55,,73,78,True
1111,1005,2025-12-21T07:00:00,2025-12-21T12:00:00,73,,67,89,True
1111,1007,2025-12-21T05:00:00,2025-12-21T13:30:00,,92,,,True
1112,1001,2025-12-22T07:00:00,2025-12-22T15:00:00,,,,,True
1112,1003,2025-12-22T07:00:00,2025-12-22T15:00:00,52,,70,67,True
1112,1006,2025-12-22T07:00:00,2025-12-22T15:00:00,65,,79,81,True
1112,1007,2025-12-22T05:00:00,2025-12-22T12:00:00,,84,,,True
1113,1002,2025-12-23T07:00:00,2025-12-23T15:00:00,,,,,True
1113,1004,2025-12-23T07:00:00,2025-12-23T15:00:00,50,,65,87,True
1113,1005,2025-12-23T07:00:00,2025-12-23T15:00:00,65,,72,61,True
1113,1008,2025-12-23T05:00:00,2025-12-23T12:00:00,,72,,,True
1114,1001,2025-12-24T07:00:00,2025-12-24T15:00:00,,,,,True
1114,1003,2025-12-24T07:00:00,2025-12-24T15:00:00,47,,46,67,True
1114,1006,2025-12-24T07:00:00,2025-12-24T15:00:00,69,,47,61,True
1114,1007,2025-12-24T05:00:00,2025-12-24T12:00:00,,85,,,True
1115,1002,2025-12-25T07:00:00,2025-12-25T15:00:00,,,,,True
1115,1004,2025-12-25T07:00:00,2025-12-25T15:00:00,78,,78,77,True
1115,1005,2025-12-25T07:00:00,2025-12-25T15:00:00,56,,77,91,True
1115,1008,2025-12-25T05:00:00,2025-12-25T12:00:00,,72,,,True
1116,1001,2025-12-26T07:00:00,2025-12-26T15:00:00,,,,,True
1116,1003,2025-12-26T07:00:00,2025-12-26T15:00:00,63,,67,76,True
1116,1006,2025-12-26T07:00:00,2025-12-26T15:00:00,54,,65,56,True
1116,1007,2025-12-26T05:00:00,2025-12-26T12:00:00,,97,,,True
1117,1001,2025-12-27T07:00:00,2025-12-27T15:00:00,,,,,True
1117,1002,2025-12-27T07:00:00,2025-12-27T15:00:00,,,,,True
1117,1003,2025-12-27T11:00:00,2025-12-27T15:00:00,43,,66,76,True
1117,1004,2025-12-27T07:00:00,2025-12-27T12:00:00,76,,73,85,True
1117,1005,2025-12-27T07:00:00,2025-12-27T12:00:00,47,,78,65,True
1117,1008,2025-12-27T05:00:00,2025-12-27T13:30:00,,80,,,True
1118,1001,2025-12-28T07:00:00,2025-12-28T15:00:00,,,,,True
1118,1002,2025-12-28T07:00:00,2025-12-28T15:00:00,,,,,True
1118,1003,2025-12-28T11:00:00,2025-12-28T15:00:00,49,,65,57,True
1118,1004,2025-12-28T07:00:00,2025-12-28T12:00:00,70,,64,89,True
1118,1005,2025-12-28T07:00:00,2025-12-28T12:00:00,71,,65,72,True
1118,1007,2025-12-28T05:00:00,2025-12-28T13:30:00,,86,,,True
1119,1001,2025-12-29T07:00:00,2025-12-29T15:00:00,,,,,True
1119,1003,2025-12-29T07:00:00,2025-12-29T15:00:00,56,,76,78,True
1119,1006,2025-12-29T07:00:00,2025-12-29T15:00:00,81,,48,63,True
1119,1007,2025-12-29T05:00:00,2025-12-29T12:00:00,,78,,,True
1120,1002,2025-12-30T07:00:00,2025-12-30T15:00:00,,,,,True
1120,1004,2025-12-30T07:00:00,2025-12-30T15:00:00,53,,73,88,True
1120,1005,2025-12-30T07:00:00,2025-12-30T15:00:00,76,,67,61,True
1120,1008,2025-12-30T05:00:00,2025-12-30T12:00:00,,90,,,True
1121,1001,2025-12-31T07:00:00,2025-12-31T15:00:00,,,,,True
1121,1003,2025-12-31T07:00:00,2025-12-31T15:00:00,71,,60,60,True
1121,1006,2025-12-31T07:00:00,2025-12-31T15:00:00,52,,45,85,True
1121,1007,2025-12-31T05:00:00,2025-12-31T12:00:00,,83,,,True
1122,1002,2026-01-01T07:00:00,2026-01-01T15:00:00,,,,,True
1122,1004,2026-01-01T07:00:00,2026-01-01T15:00:00,50,,71,67,True
1122,1005,2026-01-01T07:00:00,2026-01-01T15:00:00,74,,67,69,True
1122,1008,2026-01-01T05:00:00,2026-01-01T12:00:00,,85,,,True
1123,1001,2026-01-02T07:00:00,2026-01-02T15:00:00,,,,,True
1123,1003,2026-01-02T07:00:00,2026-01-02T15:00:00,92,,63,82,True
1123,1006,2026-01-02T07:00:00,2026-01-02T15:00:00,78,,62,76,True
1123,1007,2026-01-02T05:00:00,2026-01-02T12:00:00,,96,,,True
1124,1001,2026-01-03T07:00:00,2026-01-03T15:00:00,,,,,True
1124,1002,2026-01-03T07:00:00,2026-01-03T15:00:00,,,,,True
1124,1003,2026-01-03T11:00:00,2026-01-03T15:00:00,63,,75,65,True
1124,1004,2026-01-03T07:00:00,2026-01-03T12:00:00,74,,68,84,True
1124,1005,2026-01-03T07:00:00,2026-01-03T12:00:00,57,,68,64,True
1124,1008,2026-01-03T05:00:00,2026-01-03T13:30:00,,78,,,True
1125,1001,2026-01-04T07:00:00,2026-01-04T15:00:00,,,,,True
1125,1002,2026-01-04T07:00:00,2026-01-04T15:00:00,,,,,True
1125,1003,2026-01-04T11:00:00,2026-01-04T15:00:00,82,,71,71,True
1125,1004,2026-01-04T07:00:00,2026-01-04T12:00:00,77,,72,60,True
1125,1005,2026-01-04T07:00:00,2026-01-04T12:00:00,63,,73,91,True
1125,1007,2026-01-04T05:00:00,2026-01-04T13:30:00,,97,,,True
1126,1001,2026-01-05T07:00:00,2026-01-05T15:00:00,,,,,True
1126,1003,2026-01-05T07:00:00,2026-01-05T15:00:00,42,,73,84,True
1126,1006,2026-01-05T07:00:00,2026-01-05T15:00:00,63,,67,71,True
1126,1007,2026-01-05T05:00:00,2026-01-05T12:00:00,,87,,,True
1127,1002,2026-01-06T07:00:00,2026-01-06T15:00:00,,,,,True
1127,1004,2026-01-06T07:00:00,2026-01-06T15:00:00,69,,78,80,True
1127,1005,2026-01-06T07:00:00,2026-01-06T15:00:00,57,,71,84,True
1127,1008,2026-01-06T05:00:00,2026-01-06T12:00:00,,77,,,True
1128,1001,2026-01-07T07:00:00,2026-01-07T15:00:00,,,,,True
1128,1003,2026-01-07T07:00:00,2026-01-07T15:00:00,87,,71,52,True
1128,1006,2026-01-07T07:00:00,2026-01-07T15:00:00,53,,75,74,True
1128,1007,2026-01-07T05:00:00,2026-01-07T12:00:00,,82,,,True
1129,1002,2026-01-08T07:00:00,2026-01-08T15:00:00,,,,,True
1129,1004,2026-01-08T07:00:00,2026-01-08T15:00:00,54,,79,62,True
1129,1005,2026-01-08T07:00:00,2026-01-08T15:00:00,53,,74,66,True
1129,1008,2026-01-08T05:00:00,2026-01-08T12:00:00,,97,,,True
1130,1001,2026-01-09T07:00:00,2026-01-09T15:00:00,,,,,True
1130,1003,2026-01-09T07:00:00,2026-01-09T15:00:00,87,,73,56,True
1130,1006,2026-01-09T07:00:00,2026-01-09T15:00:00,66,,74,50,True
1130,1007,2026-01-09T05:00:00,2026-01-09T12:00:00,,93,,,True
1131,1001,2026-01-10T07:00:00,2026-01-10T15:00:00,,,,,True
1131,1002,2026-01-10T07:00:00,2026-01-10T15:00:00,,,,,True
1131,1003,2026-01-10T11:00:00,2026-01-10T15:00:00,42,,71,59,True
1131,1004,2026-01-10T07:00:00,2026-01-10T12:00:00,49,,79,76,True
1131,1005,2026-01-10T07:00:00,2026-01-10T12:00:00,66,,76,65,True
1131,1008,2026-01-10T05:00:00,2026-01-10T13:30:00,,97,,,True
1132,1001,2026-01-11T07:00:00,2026-01-11T15:00:00,,,,,True
1132,1002,2026-01-11T07:00:00,2026-01-11T15:00:00,,,,,True
1132,1003,2026-01-11T11:00:00,2026-01-11T15:00:00,54,,79,74,True
1132,1004,2026-01-11T07:00:00,2026-01-11T12:00:00,65,,79,62,True
1132,1005,2026-01-11T07:00:00,2026-01-11T12:00:00,49,,71,78,True
1132,1007,2026-01-11T05:00:00,2026-01-11T13:30:00,,77,,,True
1133,1001,2026-01-12T07:00:00,2026-01-12T15:00:00,,,,,True
1133,1003,2026-01-12T07:00:00,2026-01-12T15:00:00,80,,50,77,True
1133,1006,2026-01-12T07:00:00,2026-01-12T15:00:00,95,,51,56,True
1133,1007,2026-01-12T05:00:00,2026-01-12T12:00:00,,84,,,True
1134,1002,2026-01-13T07:00:00,2026-01-13T15:00:00,,,,,True
1134,1004,2026-01-13T07:00:00,2026-01-13T15:00:00,55,,73,61,True
1134,1005,2026-01-13T07:00:00,2026-01-13T15:00:00,47,,74,63,True
1134,1008,2026-01-13T05:00:00,2026-01-13T12:00:00,,79,,,True
1135,1001,2026-01-14T07:00:00,2026-01-14T15:00:00,,,,,True
1135,1003,2026-01-14T07:00:00,2026-01-14T15:00:00,55,,68,77,True
1135,1006,2026-01-14T07:00:00,2026-01-14T15:00:00,42,,60,83,True
1135,1007,2026-01-14T05:00:00,2026-01-14T12:00:00,,83,,,True
1136,1002,2026-01-15T07:00:00,2026-01-15T15:00:00,,,,,True
1136,1004,2026-01-15T07:00:00,2026-01-15T15:00:00,56,,69,71,True
1136,1005,2026-01-15T07:00:00,2026-01-15T15:00:00,50,,76,75,True
1136,1008,2026-01-15T05:00:00,2026-01-15T12:00:00,,85,,,True
1137,1001,2026-01-16T07:00:00,2026-01-16T15:00:00,,,,,True
1137,1003,2026-01-16T07:00:00,2026-01-16T15:00:00,91,,54,64,True
1137,1006,2026-01-16T07:00:00,2026-01-16T15:00:00,62,,61,79,True
1137,1007,2026-01-16T05:00:00,2026-01-16T12:00:00,,78,,,True
1138,1001,2026-01-17T07:00:00,2026-01-17T15:00:00,,,,,True
1138,1002,2026-01-17T07:00:00,2026-01-17T15:00:00,,,,,True
1138,1003,2026-01-17T11:00:00,2026-01-17T15:00:00,75,,45,79,True
1138,1004,2026-01-17T07:00:00,2026-01-17T12:00:00,63,,69,64,True
1138,1005,2026-01-17T07:00:00,2026-01-17T12:00:00,73,,75,79,True
1138,1008,2026-01-17T05:00:00,2026-01-17T13:30:00,,90,,,True
1139,1001,2026-01-18T07:00:00,2026-01-18T15:00:00,,,,,True
1139,1002,2026-01-18T07:00:00,2026-01-18T15:00:00,,,,,True
1139,1003,2026-01-18T11:00:00,2026-01-18T15:00:00,94,,72,66,True
1139,1004,2026-01-18T07:00:00,2026-01-18T12:00:00,74,,73,72,True
1139,1005,2026-01-18T07:00:00,2026-01-18T12:00:00,69,,79,66,True
1139,1007,2026-01-18T05:00:00,2026-01-18T13:30:00,,77,,,True
1140,1001,2026-01-19T07:00:00,2026-01-19T15:00:00,,,,,True
1140,1003,2026-01-19T07:00:00,2026-01-19T15:00:00,57,,67,86,True
1140,1006,2026-01-19T07:00:00,2026-01-19T15:00:00,51,,63,51,True
1140,1007,2026-01-19T05:00:00,2026-01-19T12:00:00,,96,,,True
1141,1002,2026-01-20T07:00:00,2026-01-20T15:00:00,,,,,True
1141,1004,2026-01-20T07:00:00,2026-01-20T15:00:00,70,,72,60,True
1141,1005,2026-01-20T07:00:00,2026-01-20T15:00:00,48,,79,78,True
1141,1008,2026-01-20T05:00:00,2026-01-20T12:00:00,,94,,,True
1142,1001,2026-01-21T07:00:00,2026-01-21T15:00:00,,,,,True
1142,1003,2026-01-21T07:00:00,2026-01-21T15:00:00,84,,59,88,True
1142,1006,2026-01-21T07:00:00,2026-01-21T15:00:00,84,,67,64,True
1142,1007,2026-01-21T05:00:00,2026-01-21T12:00:00,,90,,,True
1143,1002,2026-01-22T07:00:00,2026-01-22T15:00:00,,,,,True
1143,1004,2026-01-22T07:00:00,2026-01-22T15:00:00,57,,72,68,True
1143,1005,2026-01-22T07:00:00,2026-01-22T15:00:00,51,,65,79,True
1143,1008,2026-01-22T05:00:00,2026-01-22T12:00:00,,95,,,True
1144,1001,2026-01-23T07:00:00,2026-01-23T15:00:00,,,,,True
1144,1003,2026-01-23T07:00:00,2026-01-23T15:00:00,61,,47,87,True
1144,1006,2026-01-23T07:00:00,2026-01-23T15:00:00,56,,53,55,True
1144,1007,2026-01-23T05:00:00,2026-01-23T12:00:00,,99,,,True
1145,1001,2026-01-24T07:00:00,2026-01-24T15:00:00,,,,,True
1145,1002,2026-01-24T07:00:00,2026-01-24T15:00:00,,,,,True
1145,1003,2026-01-24T11:00:00,2026-01-24T15:00:00,51,,65,76,True
1145,1004,2026-01-24T07:00:00,2026-01-24T12:00:00,56,,70,68,True
1145,1005,2026-01-24T07:00:00,2026-01-24T12:00:00,68,,72,70,True
1145,1008,2026-01-24T05:00:00,2026-01-24T13:30:00,,78,,,True
1146,1001,2026-01-25T07:00:00,2026-01-25T15:00:00,,,,,True
1146,1002,2026-01-25T07:00:00,2026-01-25T15:00:00,,,,,True
1146,1003,2026-01-25T11:00:00,2026-01-25T15:00:00,91,,75,68,True
1146,1004,2026-01-25T07:00:00,2026-01-25T12:00:00,66,,67,89,True
1146,1005,2026-01-25T07:00:00,2026-01-25T12:00:00,49,,68,74,True
1146,1007,2026-01-25T05:00:00,2026-01-25T13:30:00,,97,,,True
1147,1001,2026-01-26T07:00:00,2026-01-26T15:00:00,,,,,True
1147,1003,2026-01-26T07:00:00,2026-01-26T15:00:00,76,,70,85,True
1147,1006,2026-01-26T07:00:00,2026-01-26T15:00:00,56,,50,75,True
1147,1007,2026-01-26T05:00:00,2026-01-26T12:00:00,,70,,,True
1148,1002,2026-01-27T07:00:00,2026-01-27T15:00:00,,,,,True
1148,1004,2026-01-27T07:00:00,2026-01-27T15:00:00,61,,67,89,True
1148,1005,2026-01-27T07:00:00,2026-01-27T15:00:00,68,,72,84,True
1148,1008,2026-01-27T05:00:00,2026-01-27T12:00:00,,96,,,True
1149,1001,2026-01-28T07:00:00,2026-01-28T15:00:00,,,,,True
1149,1003,2026-01-28T07:00:00,2026-01-28T15:00:00,73,,68,56,True
1149,1006,2026-01-28T07:00:00,2026-01-28T15:00:00,76,,59,80,True
1149,1007,2026-01-28T05:00:00,2026-01-28T12:00:00,,70,,,True
1150,1002,2026-01-29T07:00:00,2026-01-29T15:00:00,,,,,True
1150,1004,2026-01-29T07:00:00,2026-01-29T15:00:00,65,,71,64,True
1150,1005,2026-01-29T07:00:00,2026-01-29T15:00:00,74,,73,86,True
1150,1008,2026-01-29T05:00:00,2026-01-29T12:00:00,,73,,,True
1151,1001,2026-01-30T07:00:00,2026-01-30T15:00:00,,,,,True
1151,1003,2026-01-30T07:00:00,2026-01-30T15:00:00,41,,47,52,True
1151,1006,2026-01-30T07:00:00,2026-01-30T15:00:00,52,,76,57,True
1151,1007,2026-01-30T05:00:00,2026-01-30T12:00:00,,73,,,True
1152,1001,2026-01-31T07:00:00,2026-01-31T15:00:00,,,,,True
1152,1002,2026-01-31T07:00:00,2026-01-31T15:00:00,,,,,True
1152,1003,2026-01-31T11:00:00,2026-01-31T15:00:00,48,,79,58,True
1152,1004,2026-01-31T07:00:00,2026-01-31T12:00:00,69,,78,83,True
1152,1005,2026-01-31T07:00:00,2026-01-31T12:00:00,71,,68,86,True
1152,1008,2026-01-31T05:00:00,2026-01-31T13:30:00,,90,,,True
1153,1001,2026-02-01T07:00:00,2026-02-01T15:00:00,,,,,True
1153,1002,2026-02-01T07:00:00,2026-02-01T15:00:00,,,,,True
1153,1003,2026-02-01T11:00:00,2026-02-01T15:00:00,39,,76,76,True
1153,1004,2026-02-01T07:00:00,2026-02-01T12:00:00,62,,65,83,True
1153,1005,2026-02-01T07:00:00,2026-02-01T12:00:00,58,,78,88,True
1153,1007,2026-02-01T05:00:00,2026-02-01T13:30:00,,77,,,True
1154,1001,2026-02-02T07:00:00,2026-02-02T15:00:00,,,,,True
1154,1003,2026-02-02T07:00:00,2026-02-02T15:00:00,87,,68,56,True
1154,1006,2026-02-02T07:00:00,2026-02-02T15:00:00,95,,68,84,True
1154,1007,2026-02-02T05:00:00,2026-02-02T12:00:00,,98,,,True
1155,1002,2026-02-03T07:00:00,2026-02-03T15:00:00,,,,,True
1155,1004,2026-02-03T07:00:00,2026-02-03T15:00:00,67,,65,85,True
1155,1005,2026-02-03T07:00:00,2026-02-03T15:00:00,62,,70,67,True
1155,1008,2026-02-03T05:00:00,2026-02-03T12:00:00,,97,,,True
1156,1001,2026-02-04T07:00:00,2026-02-04T15:00:00,,,,,True
1156,1003,2026-02-04T07:00:00,2026-02-04T15:00:00,85,,74,55,True
1156,1006,2026-02-04T07:00:00,2026-02-04T15:00:00,75,,58,88,True
1156,1007,2026-02-04T05:00:00,2026-02-04T12:00:00,,70,,,True
1157,1002,2026-02-05T07:00:00,2026-02-05T15:00:00,,,,,True
1157,1004,2026-02-05T07:00:00,2026-02-05T15:00:00,48,,74,75,True
1157,1005,2026-02-05T07:00:00,2026-02-05T15:00:00,53,,70,64,True
1157,1008,2026-02-05T05:00:00,2026-02-05T12:00:00,,96,,,True
1158,1001,2026-02-06T07:00:00,2026-02-06T15:00:00,,,,,True
1158,1003,2026-02-06T07:00:00,2026-02-06T15:00:00,81,,58,87,True
1158,1006,2026-02-06T07:00:00,2026-02-06T15:00:00,46,,59,71,True
1158,1007,2026-02-06T05:00:00,2026-02-06T12:00:00,,94,,,True
1159,1001,2026-02-07T07:00:00,2026-02-07T15:00:00,,,,,True
1159,1002,2026-02-07T07:00:00,2026-02-07T15:00:00,,,,,True
1159,1003,2026-02-07T11:00:00,2026-02-07T15:00:00,42,,45,67,True
1159,1004,2026-02-07T07:00:00,2026-02-07T12:00:00,54,,68,76,True
1159,1005,2026-02-07T07:00:00,2026-02-07T12:00:00,56,,67,61,True
1159,1008,2026-02-07T05:00:00,2026-02-07T13:30:00,,74,,,True
1160,1001,2026-02-08T07:00:00,2026-02-08T15:00:00,,,,,True
1160,1002,2026-02-08T07:00:00,2026-02-08T15:00:00,,,,,True
1160,1003,2026-02-08T11:00:00,2026-02-08T15:00:00,33,,67,65,True
1160,1004,2026-02-08T07:00:00,2026-02-08T12:00:00,65,,64,71,True
1160,1005,2026-02-08T07:00:00,2026-02-08T12:00:00,61,,65,68,True
1160,1007,2026-02-08T05:00:00,2026-02-08T13:30:00,,93,,,True
1161,1001,2026-02-09T07:00:00,2026-02-09T15:00:00,,,,,True
1161,1003,2026-02-09T07:00:00,2026-02-09T15:00:00,59,,78,57,True
1161,1006,2026-02-09T07:00:00,2026-02-09T15:00:00,80,,49,80,True
1161,1007,2026-02-09T05:00:00,2026-02-09T12:00:00,,84,,,True
1162,1002,2026-02-10T07:00:00,2026-02-10T15:00:00,,,,,True
1162,1004,2026-02-10T07:00:00,2026-02-10T15:00:00,68,,67,88,True
1162,1005,2026-02-10T07:00:00,2026-02-10T15:00:00,77,,71,62,True
1162,1008,2026-02-10T05:00:00,2026-02-10T12:00:00,,93,,,True
1163,1001,2026-02-11T07:00:00,2026-02-11T15:00:00,,,,,True
1163,1003,2026-02-11T07:00:00,2026-02-11T15:00:00,83,,78,69,True
1163,1006,2026-02-11T07:00:00,2026-02-11T15:00:00,62,,46,53,True
1163,1007,2026-02-11T05:00:00,2026-02-11T12:00:00,,85,,,True
1164,1002,2026-02-12T07:00:00,2026-02-12T15:00:00,,,,,True
1164,1004,2026-02-12T07:00:00,2026-02-12T15:00:00,70,,77,66,True
1164,1005,2026-02-12T07:00:00,2026-02-12T15:00:00,76,,78,64,True
1164,1008,2026-02-12T05:00:00,2026-02-12T12:00:00,,98,,,True
1165,1001,2026-02-13T07:00:00,2026-02-13T15:00:00,,,,,True
1165,1003,2026-02-13T07:00:00,2026-02-13T15:00:00,38,,65,88,True
1165,1006,2026-02-13T07:00:00,2026-02-13T15:00:00,42,,49,58,True
1165,1007,2026-02-13T05:00:00,2026-02-13T12:00:00,,78,,,True
1166,1001,2026-02-14T07:00:00,2026-02-14T15:00:00,,,,,True
1166,1002,2026-02-14T07:00:00,2026-02-14T15:00:00,,,,,True
1166,1003,2026-02-14T11:00:00,2026-02-14T15:00:00,72,,65,74,True
1166,1004,2026-02-14T07:00:00,2026-02-14T12:00:00,78,,73,89,True
1166,1005,2026-02-14T07:00:00,2026-02-14T12:00:00,77,,77,66,True
1166,1008,2026-02-14T05:00:00,2026-02-14T13:30:00,,95,,,True
1167,1001,2026-02-15T07:00:00,2026-02-15T15:00:00,,,,,True
1167,1002,2026-02-15T07:00:00,2026-02-15T15:00:00,,,,,True
1167,1003,2026-02-15T11:00:00,2026-02-15T15:00:00,77,,52,85,True
1167,1004,2026-02-15T07:00:00,2026-02-15T12:00:00,58,,77,88,True
1167,1005,2026-02-15T07:00:00,2026-02-15T12:00:00,59,,77,81,True
1167,1007,2026-02-15T05:00:00,2026-02-15T13:30:00,,96,,,True
